,label,git_commit_id,use_missing_value,seed,cv_score,k_score
0,Baseline,0de92d8dac031687c1b0b1a173cc0f565b0bc1f6,False,0,0.6063268892794376,
1,Baseline,0de92d8dac031687c1b0b1a173cc0f565b0bc1f6,False,1,0.6217162872154116,
2,Baseline,0de92d8dac031687c1b0b1a173cc0f565b0bc1f6,False,2,0.7017543859649122,
3,Baseline,0de92d8dac031687c1b0b1a173cc0f565b0bc1f6,False,3,0.7017543859649122,
4,Baseline,0de92d8dac031687c1b0b1a173cc0f565b0bc1f6,False,1000,0.6540825285338016,
5,Baseline,0de92d8dac031687c1b0b1a173cc0f565b0bc1f6,False,1001,0.680628272251309,
6,Baseline,0de92d8dac031687c1b0b1a173cc0f565b0bc1f6,False,1002,0.6881533101045296,
