,label,git_commit_id,use_missing_value,seed,cv_score,k_score
0,Baseline,1542ec4929a5056c13c3b9b3aa0985df903485b6,False,0,0.5043859649122807,
1,Baseline,1542ec4929a5056c13c3b9b3aa0985df903485b6,False,1,0.5567685589519651,
