,label,git_commit_id,use_missing_value,seed,cv_score,k_score
0,Baseline,d7f7501f42e9da63414ec71ae3a608ff429ee1ab,False,0,0.4978038067349927,0.505
1,Baseline,d7f7501f42e9da63414ec71ae3a608ff429ee1ab,False,1,0.5555555555555556,0.41
2,Baseline,d7f7501f42e9da63414ec71ae3a608ff429ee1ab,False,2,0.7916381082933516,
3,Baseline,d7f7501f42e9da63414ec71ae3a608ff429ee1ab,False,3,0.6048675733715104,
