,index,seed,n_ensemble,scale_percentile_value,img_size,n_epochs,model_name,use_pretrained_weights,box_size,trust,fix_norm_bug,weight_decay,hsv_h,hsv_s,hsv_v,translate,scale,fliplr,flipud,degrees,shear,mosaic,mixup,erasing,use_albumentations,include_multi_motor,tom,mba,aba,ycw,label,git_commit_id,use_missing_value,cv_score,cv_score_tom,cv_score_ycw,cv_score_aba,cv_score_mba,k_score
0,0,0,4,3.5478467492858172,768,29,yolov8m,False,20,3,True,0.0004426543103068719,0.015,0.7,0.4,0.1,0.0,0.5,0.0,0.0,0.0,1.0,0.2,0.4,False,False,True,False,False,False,Baseline,d7f7501f42e9da63414ec71ae3a608ff429ee1ab,False,0.4978038067349927,0.9011627906976745,0.6989247311827957,0.5752212389380531,0.1864406779661017,0.505
1,1,1,4,3.047286498801027,832,40,yolov8m,True,21,3,False,0.0005310810375281767,0.015,0.7,0.0,0.0,0.0,0.5,0.5,0.0,0.0,0.0,0.2,0.4,False,True,True,False,True,True,Baseline,d7f7501f42e9da63414ec71ae3a608ff429ee1ab,False,0.5555555555555556,0.8928571428571429,0.8333333333333334,0.7386363636363636,0.21079258010118043,0.41
2,2,2,4,2.0464485369972656,576,29,yolov8m,False,26,4,True,0.0002751604293466414,0.0,0.7,0.4,0.0,0.0,0.5,0.5,0.0,0.0,1.0,0.2,0.4,False,True,True,True,False,False,Baseline,d7f7501f42e9da63414ec71ae3a608ff429ee1ab,False,0.7916381082933516,0.9064327485380117,0.8333333333333334,0.6395348837209303,0.8050221565731167,
3,3,3,4,1.3425966685744974,640,28,yolov8m,True,26,3,False,0.0003916205192563336,0.0,0.7,0.0,0.0,0.0,0.5,0.5,0.0,0.0,1.0,0.2,0.4,False,False,True,False,False,True,Baseline,d7f7501f42e9da63414ec71ae3a608ff429ee1ab,False,0.6048675733715104,0.8944281524926686,0.8333333333333334,0.856353591160221,0.2508361204013378,
