,index,seed,n_ensemble,label,git_commit_id,use_missing_value,cv_score,cv_score_tom,cv_score_ycw,cv_score_aba,cv_score_mba,k_score
0,0,0,1,Test ensemble,47062ed484198fe68028d448d8048d0b6951d500,False,0.5671213208901651,0.8764367816091954,0.6521739130434783,0.5621301775147929,0.3821138211382114,
