,index,n_ensemble,n_epochs,use_best_epoch,lr0,cos_lr,dropout,mosaic,concentration,box,extra_data,trust_neg,trust_extra,model_name,use_pretrained_weights,blur_xy,blur_z,scale_moving_std,erasing,seed,label,git_commit_id,use_missing_value,cv_score,cv_score_tom,cv_score_other,k_score
0,0,2,64,False,0.0005885545395196437,False,0.0016527635528529095,1.0,2,6.932911252305191,False,0,3,yolov8m,True,43.05217271363305,12.237803311822983,False,0.4,0,Baseline,0de92d8dac031687c1b0b1a173cc0f565b0bc1f6,False,0.6063268892794376,0.8786610878661087,0.8034528552456839,
1,4,2,49,False,0.0028213937264458472,False,0.09486494471372439,0.0,2,3.751621918321742,False,-1,4,yolov8s,True,15.826773397292051,11.3026966301221,True,0.0,1,Baseline,0de92d8dac031687c1b0b1a173cc0f565b0bc1f6,False,0.6217162872154116,0.8438818565400844,0.8256274768824307,
2,5,2,64,False,0.0006287690314736471,True,0.009191594213509692,1.0,1,5.735643424276665,False,1,0,yolov8m,False,34.72299044626777,8.43398494170642,False,0.0,2,Baseline,0de92d8dac031687c1b0b1a173cc0f565b0bc1f6,False,0.7017543859649122,0.8547008547008547,0.8475689881734559,
3,6,2,63,False,0.0005455197854062559,True,0.058216203606436784,0.0,1,3.8153251115370796,False,0,2,yolov8s,True,18.410160597642104,5.868422857434931,True,0.0,3,Baseline,0de92d8dac031687c1b0b1a173cc0f565b0bc1f6,False,0.7017543859649122,0.8936170212765957,0.8530183727034121,
4,1,2,38,False,0.0012701114962575303,False,0.020324794254467884,1.0,2,2.241735820525127,False,0,1,yolov8s,True,40.91166227125166,12.080583313588827,False,0.0,1000,Baseline,0de92d8dac031687c1b0b1a173cc0f565b0bc1f6,False,0.6540825285338016,0.8649789029535865,0.8311345646437994,
5,2,2,67,False,0.0003278690843536642,False,0.0857890064541125,0.0,2,2.307086588895257,False,0,3,yolov8s,False,20.407350222381268,1.9789258202698767,True,0.4,1001,Baseline,0de92d8dac031687c1b0b1a173cc0f565b0bc1f6,False,0.680628272251309,0.8823529411764706,0.8201058201058201,
6,3,2,54,False,0.0007197627017493181,True,0.038949191910491156,0.0,1,4.606814441942556,False,0,0,yolov8m,True,27.081001723959098,13.932771794973931,False,0.0,1002,Baseline,0de92d8dac031687c1b0b1a173cc0f565b0bc1f6,False,0.6881533101045296,0.8860759493670886,0.8421052631578947,
