,index,seed,n_ensemble,scale_percentile_value,scale_std,blur_z,img_size,n_epochs,use_best_epoch,model_name,use_pretrained_weights,box_size,trust,multi_scale_training,fix_norm_bug,weight_decay,hsv_h,hsv_s,hsv_v,translate,scale,fliplr,flipud,degrees,shear,mosaic,mixup,erasing,use_albumentations,include_multi_motor,tom,mba,aba,ycw,label,git_commit_id,use_missing_value,cv_score,cv_score_tom,cv_score_ycw,cv_score_aba,cv_score_mba,k_score
0,0,5,4,4.220011694981521,True,1,640,35,False,yolov8m,True,24,4,False,False,0.0005996704460260286,0.015,0.7,0.4,0.1,0.5,0.5,0.5,0.0,0.0,0.0,0.2,0.4,True,False,True,True,False,True,Baseline,b12ad9a545ea41dd7d74cc372b01dbbc5ed199db,False,0.7526132404181185,0.843558282208589,0.8762886597938144,0.5357142857142857,0.7988165680473372,
1,1,6,4,3.1526574058877728,False,5,576,35,True,yolov8m,True,23,5,False,True,0.000249188949954876,0.0,0.7,0.0,0.1,0.5,0.5,0.0,0.0,0.0,1.0,0.2,0.0,False,True,True,False,False,True,Baseline,b12ad9a545ea41dd7d74cc372b01dbbc5ed199db,False,0.6338526912181303,0.8575581395348837,0.8762886597938144,0.7746478873239436,0.38961038961038963,
2,2,7,4,3.500381866418668,True,1,704,38,True,yolov8m,True,27,3,True,True,0.0003871739811374883,0.015,0.7,0.4,0.0,0.0,0.5,0.5,0.0,0.0,1.0,0.2,0.0,True,False,True,False,False,True,Baseline,b12ad9a545ea41dd7d74cc372b01dbbc5ed199db,False,0.4071537290715373,0.9276729559748428,0.40229885057471265,0.29780564263322884,0.1864406779661017,
3,3,8,4,2.307889106422243,True,1,576,35,True,yolo11m,True,24,4,False,False,0.0003915861816650868,0.015,0.7,0.0,0.0,0.5,0.5,0.5,0.0,0.0,1.0,0.2,0.0,False,True,True,False,False,False,Baseline,b12ad9a545ea41dd7d74cc372b01dbbc5ed199db,False,0.49107142857142855,0.8227848101265823,0.40229885057471265,0.38461538461538464,0.38961038961038963,
